name,price,brand,instock,identifcation_number,rating,rating_count,currency
LEGO DUPLO Jurassic World Dinosaur Nursery Toy 10938202/0521,18.00, LEGO DUPLO,,5702016911411,,,£
LEGO DUPLO Jurassic World Dinosaur Nursery Toy 10938202/0521,18.00, LEGO DUPLO,,5702016911411,,,£
LEGO Jurassic World Quetzalcoatlus Plane Ambush Toy 76947959/9598,45.00, LEGO Jurassic World,,5702016913538,,,£
LEGO Jurassic World Quetzalcoatlus Plane Ambush Toy 76947959/9598,45.00, LEGO Jurassic World,,5702016913538,,,£
LEGO Jurassic World T. rex Dinosaur Breakout Toy Set 76944961/8651,45.00, LEGO Jurassic World,,5702016913439,,,£
LEGO Jurassic World T. rex Dinosaur Breakout Toy Set 76944961/8651,45.00, LEGO Jurassic World,,5702016913439,,,£
LEGO Jurassic World T. rex & Atrociraptor Dinosaur Toy 76948965/9926,90.00, LEGO Jurassic World,,5702016913545,,,£
LEGO Jurassic World T. rex & Atrociraptor Dinosaur Toy 76948965/9926,90.00, LEGO Jurassic World,,5702016913545,,,£
LEGO Jurassic World Giganotosaurus Attack Dinosaur Toy 76949961/1861,100.00, LEGO Jurassic World,,5702016913552,,,£
LEGO Jurassic World Giganotosaurus Attack Dinosaur Toy 76949961/1861,100.00, LEGO Jurassic World,,5702016913552,,,£
