web-scraper-order,web-scraper-start-url,product-links,product-links-href,product_name,product_price,customer_rating,indentification_number
"1680187664-61","https://www.smythstoys.com/uk/en-gb/brand/jurassic-world/c/SM060614","Ref:204998001
				
					
							Jurassic World Dominion: Roar Strikers Triceratops Dinosaur Figure
						
					
							
		£13.99","https://www.smythstoys.com/uk/en-gb/brand/jurassic-world/jurassic-world-dominion-roar-strikers-triceratops-dinosaur-figure/p/204998001","Jurassic World Dominion: Roar Strikers Triceratops Dinosaur Figure","£13.99","4.9
											
												(5)","Ref:204998001"
"1680187666-62","https://www.smythstoys.com/uk/en-gb/brand/jurassic-world/c/SM060614","Ref:193266
				
					
							Jurassic World Legacy Collection Apatosaurus Dinosaur
						
					
							
		£34.99","https://www.smythstoys.com/uk/en-gb/toys/action-figures-and-playsets/top-toys-action-figures/jurassic-world-legacy-collection-apatosaurus-dinosaur/p/193266","Jurassic World Legacy Collection Apatosaurus Dinosaur","£34.99","4.7
											
												(82)","Ref:193266"
"1680187668-63","https://www.smythstoys.com/uk/en-gb/brand/jurassic-world/c/SM060614","Ref:204998008
				
					
							Jurassic World Dominion: Roar Strikers Iguanodon Dinosaur
						
					
							
		£12.99 
			£16.99","https://www.smythstoys.com/uk/en-gb/brand/jurassic-world/jurassic-world-dominion-roar-strikers-iguanodon-dinosaur/p/204998008","Jurassic World Dominion: Roar Strikers Iguanodon Dinosaur","£12.99","4.8
											
												(4)","Ref:204998008"
"1680187671-64","https://www.smythstoys.com/uk/en-gb/brand/jurassic-world/c/SM060614","Ref:216942
				
					
							Jurassic World Gigantic Trackers Sinotyrannus Dinosaur Figure
						
					
							
		£25.99","https://www.smythstoys.com/uk/en-gb/toys/new-toys/jurassic-world-gigantic-trackers-sinotyrannus-dinosaur-figure/p/216942","Jurassic World Gigantic Trackers Sinotyrannus Dinosaur Figure","£25.99","5.0
											
												(1)","Ref:216942"
"1680187673-65","https://www.smythstoys.com/uk/en-gb/brand/jurassic-world/c/SM060614","Ref:204590
				
					
							Jurassic World Legacy Collection: Isla Sorna Dinosaur Capture Vehicle
						
					
							
		£19.99","https://www.smythstoys.com/uk/en-gb/brand/jurassic-world/jurassic-world-legacy-collection-isla-sorna-dinosaur-capture-vehicle/p/204590","Jurassic World Legacy Collection: Isla Sorna Dinosaur Capture Vehicle","£19.99","4.8
											
												(16)","Ref:204590"
"1680187675-66","https://www.smythstoys.com/uk/en-gb/brand/jurassic-world/c/SM060614","Ref:201251
				
					
							Jurassic World Kids LED Watch
						
					
							
		£6.99","https://www.smythstoys.com/uk/en-gb/toys/pocket-money/jurassic-world-kids-led-watch/p/201251","Jurassic World Kids LED Watch","£6.99","3.6
											
												(17)","Ref:201251"
"1680187678-67","https://www.smythstoys.com/uk/en-gb/brand/jurassic-world/c/SM060614","Ref:196522
				
					
							Jurassic World 35cm Blue Raptor Dinosaur Soft Toy
						
					
							
		£16.99","https://www.smythstoys.com/uk/en-gb/gift-finder-3-5-years/jurassic-world-35cm-blue-raptor-dinosaur-soft-toy/p/196522","Jurassic World 35cm Blue Raptor Dinosaur Soft Toy","£16.99","4.8
											
												(71)","Ref:196522"
"1680187680-68","https://www.smythstoys.com/uk/en-gb/brand/jurassic-world/c/SM060614","Ref:206184
				
					
							Heroes of Goo Jit Zu Jurassic World Minis Mega 6 Pack
						
					
							
		£8.00","https://www.smythstoys.com/uk/en-gb/toys/sensory-toys/sensory-play/heroes-of-goo-jit-zu-jurassic-world-minis-mega-6-pack/p/206184","Heroes of Goo Jit Zu Jurassic World Minis Mega 6 Pack","£8.00","4.7
											
												(6)","Ref:206184"
"1680187682-69","https://www.smythstoys.com/uk/en-gb/brand/jurassic-world/c/SM060614","Ref:203117
				
					
							Ravensburger Jurassic World Classic 4x 100-piece Jigsaw Puzzle Bumper Pack
						
					
							
		£8.00","https://www.smythstoys.com/uk/en-gb/toys/games-puzzles-and-books/jigsaws-and-puzzles/children-s-puzzles/ravensburger-jurassic-world-classic-4x-100-piece-jigsaw-puzzle-bumper-pack/p/203117","Ravensburger Jurassic World Classic 4x 100-piece Jigsaw Puzzle Bumper Pack","£8.00","5.0
											
												(4)","Ref:203117"
"1680187684-70","https://www.smythstoys.com/uk/en-gb/brand/jurassic-world/c/SM060614","Ref:207789
				
					
							Jurassic World Dino Egg Soft Toy Movie Assortment
						
					
							
		£5.99","https://www.smythstoys.com/uk/en-gb/brand/jurassic-world/jurassic-world-dino-egg-soft-toy-movie-assortment/p/207789","Jurassic World Dino Egg Soft Toy Movie Assortment","£5.99","","Ref:207789"
"1680187687-71","https://www.smythstoys.com/uk/en-gb/brand/jurassic-world/c/SM060614","Ref:204998010
				
					
							Jurassic World Dominion: Roar Strikers Sinoceratops Dinosaur
						
					
							
		£9.99 
			£16.99","https://www.smythstoys.com/uk/en-gb/brand/jurassic-world/jurassic-world-dominion-roar-strikers-sinoceratops-dinosaur/p/204998010","Jurassic World Dominion: Roar Strikers Sinoceratops Dinosaur","£9.99","4.7
											
												(3)","Ref:204998010"
"1680187689-72","https://www.smythstoys.com/uk/en-gb/brand/jurassic-world/c/SM060614","Ref:216944004
				
					
							Jurassic World Danger Pack Elaphrosaurus Dinosaur Figure
						
					
							
		£14.99","https://www.smythstoys.com/uk/en-gb/brand/jurassic-world/jurassic-world-danger-pack-elaphrosaurus-dinosaur-figure/p/216944004","Jurassic World Danger Pack Elaphrosaurus Dinosaur Figure","£14.99","5.0
											
												(1)","Ref:216944004"
"1680187692-73","https://www.smythstoys.com/uk/en-gb/brand/jurassic-world/c/SM060614","Ref:204999004
				
					
							Jurassic World Dominion: Massive Action Siamosaurus Dinosaur
						
					
							
		£15.00 
			£22.99","https://www.smythstoys.com/uk/en-gb/brand/jurassic-world/jurassic-world-dominion-massive-action-siamosaurus-dinosaur/p/204999004","Jurassic World Dominion: Massive Action Siamosaurus Dinosaur","£15.00","5.0
											
												(5)","Ref:204999004"
"1680187694-74","https://www.smythstoys.com/uk/en-gb/brand/jurassic-world/c/SM060614","Ref:206881
				
					
							Jurassic World Dominion: Dreadnoughtus Dinosaur Figure
						
					
							
		£49.99","https://www.smythstoys.com/uk/en-gb/brand/jurassic-world/jurassic-world-dominion-dreadnoughtus-dinosaur-figure/p/206881","Jurassic World Dominion: Dreadnoughtus Dinosaur Figure","£49.99","5.0
											
												(12)","Ref:206881"
"1680187696-75","https://www.smythstoys.com/uk/en-gb/brand/jurassic-world/c/SM060614","Ref:216939
				
					
							Jurassic World Wild Roar Eocarcharia Dinosaur Figure
						
					
							
		£16.99 
			£21.99","https://www.smythstoys.com/uk/en-gb/toys/new-toys/jurassic-world-wild-roar-eocarcharia-dinosaur-figure/p/216939","Jurassic World Wild Roar Eocarcharia Dinosaur Figure","£16.99","5.0
											
												(2)","Ref:216939"
"1680187698-76","https://www.smythstoys.com/uk/en-gb/brand/jurassic-world/c/SM060614","Ref:216938
				
					
							Jurassic World Wild Roar Diabloceratops Dinosaur Figure
						
					
							
		£16.99 
			£21.99","https://www.smythstoys.com/uk/en-gb/toys/new-toys/jurassic-world-wild-roar-diabloceratops-dinosaur-figure/p/216938","Jurassic World Wild Roar Diabloceratops Dinosaur Figure","£16.99","5.0
											
												(1)","Ref:216938"
"1680187701-77","https://www.smythstoys.com/uk/en-gb/brand/jurassic-world/c/SM060614","Ref:203685
				
					
							Jurassic World Dominion: Super Colossal Atrociraptor Dinosaur Figure
						
					
							
		£50.99 
			£59.99","https://www.smythstoys.com/uk/en-gb/brand/jurassic-world/jurassic-world-dominion-super-colossal-atrociraptor-dinosaur-figure/p/203685","Jurassic World Dominion: Super Colossal Atrociraptor Dinosaur Figure","£50.99","4.3
											
												(13)","Ref:203685"
"1680187703-78","https://www.smythstoys.com/uk/en-gb/brand/jurassic-world/c/SM060614","Ref:204998011
				
					
							Jurassic World Dominion: Roar Strikers Ichthyovenator Dinosaur
						
					
							
		£9.99 
			£16.99","https://www.smythstoys.com/uk/en-gb/brand/jurassic-world/jurassic-world-dominion-roar-strikers-ichthyovenator-dinosaur/p/204998011","Jurassic World Dominion: Roar Strikers Ichthyovenator Dinosaur","£9.99","5.0
											
												(5)","Ref:204998011"
"1680187705-79","https://www.smythstoys.com/uk/en-gb/brand/jurassic-world/c/SM060614","Ref:204998009
				
					
							Jurassic World Dominion: Roar Strikers Pteranodon Dinosaur
						
					
							
		£9.99 
			£16.99","https://www.smythstoys.com/uk/en-gb/brand/jurassic-world/jurassic-world-dominion-roar-strikers-pteranodon-dinosaur/p/204998009","Jurassic World Dominion: Roar Strikers Pteranodon Dinosaur","£9.99","5.0
											
												(2)","Ref:204998009"
"1680187707-80","https://www.smythstoys.com/uk/en-gb/brand/jurassic-world/c/SM060614","Ref:208850
				
					
							Jurassic World Kids' Wireless Bluetooth Headphones
						
					
							
		£29.99","https://www.smythstoys.com/uk/en-gb/toys/sensory-toys/music-and-sound-sensory-toys/jurassic-world-kids-wireless-bluetooth-headphones/p/208850","Jurassic World Kids' Wireless Bluetooth Headphones","£29.99","4.7
											
												(3)","Ref:208850"
"1680187709-81","https://www.smythstoys.com/uk/en-gb/brand/jurassic-world/c/SM060614","Ref:168634
				
					
							Jurassic World Laser Tag Blasters
						
					
							
		£24.99","https://www.smythstoys.com/uk/en-gb/brand/jurassic-world/jurassic-world-laser-tag-blasters/p/168634","Jurassic World Laser Tag Blasters","£24.99","4.7
											
												(6)","Ref:168634"
"1680187712-82","https://www.smythstoys.com/uk/en-gb/brand/jurassic-world/c/SM060614","Ref:213454
				
					
							Jurassic World: Captivz Slime Egg Dominion Edition Assortment
						
					
							
		£2.99 
			£4.99","https://www.smythstoys.com/uk/en-gb/brand/jurassic-world/jurassic-world-captivz-slime-egg-dominion-edition-assortment/p/213454","Jurassic World: Captivz Slime Egg Dominion Edition Assortment","£2.99","","Ref:213454"
"1680187715-83","https://www.smythstoys.com/uk/en-gb/brand/jurassic-world/c/SM060614","Ref:203899
				
					
							LEGO DUPLO 10938 Jurassic World Dinosaur Nursery Toy
						
					
							
		£17.99","https://www.smythstoys.com/uk/en-gb/toys/lego-and-bricks/lego-duplo/lego-duplo-10938-jurassic-world-dinosaur-nursery-toy/p/203899","LEGO DUPLO 10938 Jurassic World Dinosaur Nursery Toy","£17.99","4.9
											
												(6)","Ref:203899"
"1680187717-84","https://www.smythstoys.com/uk/en-gb/brand/jurassic-world/c/SM060614","Ref:216937
				
					
							Jurassic World Wild Roar Dryptosaurus Dinosaur Figure
						
					
							
		£16.99 
			£21.99","https://www.smythstoys.com/uk/en-gb/toys/new-toys/jurassic-world-wild-roar-dryptosaurus-dinosaur-figure/p/216937","Jurassic World Wild Roar Dryptosaurus Dinosaur Figure","£16.99","5.0
											
												(1)","Ref:216937"
"1680187720-85","https://www.smythstoys.com/uk/en-gb/brand/jurassic-world/c/SM060614","Ref:198970
				
					
							Jurassic World Ankylosaurus 'Bumpy' Dinosaur Plush Toy
						
					
							
		£19.99","https://www.smythstoys.com/uk/en-gb/brand/jurassic-world/jurassic-world-ankylosaurus-bumpy-dinosaur-plush-toy/p/198970","Jurassic World Ankylosaurus 'Bumpy' Dinosaur Plush Toy","£19.99","4.4
											
												(38)","Ref:198970"
"1680187722-86","https://www.smythstoys.com/uk/en-gb/brand/jurassic-world/c/SM060614","Ref:216936
				
					
							Jurassic World: Camp Cretaceous Plush Dinosaur Angel
						
					
							
		£29.99","https://www.smythstoys.com/uk/en-gb/brand/jurassic-world/jurassic-world-camp-cretaceous-plush-dinosaur-angel/p/216936","Jurassic World: Camp Cretaceous Plush Dinosaur Angel","£29.99","4.0
											
												(2)","Ref:216936"
"1680187726-87","https://www.smythstoys.com/uk/en-gb/brand/jurassic-world/c/SM060614","Ref:203992
				
					
							LEGO Jurassic World 76943  Pteranodon Chase Dinosaur Toy Playset
						
					
							
		£13.99","https://www.smythstoys.com/uk/en-gb/toys/lego-and-bricks/lego-jurassic-world/lego-jurassic-world-76943-pteranodon-chase-dinosaur-toy-playset/p/203992","LEGO Jurassic World 76943  Pteranodon Chase Dinosaur Toy Playset","£13.99","4.7
											
												(9)","Ref:203992"
"1680187728-88","https://www.smythstoys.com/uk/en-gb/brand/jurassic-world/c/SM060614","Ref:216944003
				
					
							Jurassic World Danger Pack Nothosaurus Dinosaur Figure
						
					
							
		£14.99","https://www.smythstoys.com/uk/en-gb/brand/jurassic-world/jurassic-world-danger-pack-nothosaurus-dinosaur-figure/p/216944003","Jurassic World Danger Pack Nothosaurus Dinosaur Figure","£14.99","","Ref:216944003"
"1680187730-89","https://www.smythstoys.com/uk/en-gb/brand/jurassic-world/c/SM060614","Ref:216941
				
					
							Jurassic World Gigantic Tracker Stegosaurus
						
					
							
		£25.99","https://www.smythstoys.com/uk/en-gb/toys/new-toys/jurassic-world-gigantic-tracker-stegosaurus/p/216941","Jurassic World Gigantic Tracker Stegosaurus","£25.99","","Ref:216941"
"1680187732-90","https://www.smythstoys.com/uk/en-gb/brand/jurassic-world/c/SM060614","Ref:216944007
				
					
							Jurassic World Danger Pack - Xuanhanosaurus Action Figure
						
					
							
		£14.99","https://www.smythstoys.com/uk/en-gb/jurassic-world/jurassic-world-danger-pack-xuanhanosaurus-action-figure/p/216944007","Jurassic World Danger Pack - Xuanhanosaurus Action Figure","£14.99","","Ref:216944007"
"1680187735-91","https://www.smythstoys.com/uk/en-gb/brand/jurassic-world/c/SM060614","Ref:193214
				
					
							Imaginext Jurassic World Mega Mouth T Rex Escape
						
					
							
		£34.99","https://www.smythstoys.com/uk/en-gb/toys/construction-and-cars/imaginext/imaginext-toys/imaginext-jurassic-world-mega-mouth-t-rex-escape/p/193214","Imaginext Jurassic World Mega Mouth T Rex Escape","£34.99","4.9
											
												(65)","Ref:193214"
"1680187737-92","https://www.smythstoys.com/uk/en-gb/brand/jurassic-world/c/SM060614","Ref:205002
				
					
							Jurassic World Dominion: Tyrannosaurus Rex Chomp N Roar Mask Dinosaur Toy
						
					
							
		£37.99","https://www.smythstoys.com/uk/en-gb/brand/jurassic-world/jurassic-world-dominion-tyrannosaurus-rex-chomp-n-roar-mask-dinosaur-toy/p/205002","Jurassic World Dominion: Tyrannosaurus Rex Chomp N Roar Mask Dinosaur Toy","£37.99","4.6
											
												(34)","Ref:205002"
"1680187739-93","https://www.smythstoys.com/uk/en-gb/brand/jurassic-world/c/SM060614","Ref:216944006
				
					
							Jurassic World Danger Pack - Piatnitzkysaurus Action Figure
						
					
							
		£14.99","https://www.smythstoys.com/uk/en-gb/jurassic-world/jurassic-world-danger-pack-piatnitzkysaurus-action-figure/p/216944006","Jurassic World Danger Pack - Piatnitzkysaurus Action Figure","£14.99","","Ref:216944006"
"1680187742-94","https://www.smythstoys.com/uk/en-gb/brand/jurassic-world/c/SM060614","Ref:216944005
				
					
							Jurassic World Danger Pack - Tupandactylus Action Figure
						
					
							
		£14.99","https://www.smythstoys.com/uk/en-gb/jurassic-world/jurassic-world-danger-pack-tupandactylus-action-figure/p/216944005","Jurassic World Danger Pack - Tupandactylus Action Figure","£14.99","","Ref:216944005"
"1680187744-95","https://www.smythstoys.com/uk/en-gb/brand/jurassic-world/c/SM060614","Ref:205000
				
					
							Jurassic World Dominion: Slashin’ Slasher Attack Therizinosaurus Action & Sounds Dinosaur
						
					
							
		£11.99 
			£14.99
				 £12.99","https://www.smythstoys.com/uk/en-gb/gift-finder-6-8-years/jurassic-world-dominion-slashin%e2%80%99-slasher-attack-therizinosaurus-action-and-sounds-dinosaur/p/205000","Jurassic World Dominion: Slashin’ Slasher Attack Therizinosaurus Action & Sounds Dinosaur","£11.99","4.8
											
												(83)","Ref:205000"
"1680187746-96","https://www.smythstoys.com/uk/en-gb/brand/jurassic-world/c/SM060614","Ref:203997
				
					
							LEGO Jurassic World 76948 T. Rex & Atrociraptor Dinosaur Toy
						
					
							
		£72.99 
			
					RRP
					£89.99","https://www.smythstoys.com/uk/en-gb/toys/lego-and-bricks/lego-jurassic-world/lego-jurassic-world-76948-t-rex-and-atrociraptor-dinosaur-toy/p/203997","LEGO Jurassic World 76948 T. Rex & Atrociraptor Dinosaur Toy","£72.99","4.5
											
												(8)","Ref:203997"
"1680187748-97","https://www.smythstoys.com/uk/en-gb/brand/jurassic-world/c/SM060614","Ref:210187
				
					
							Jurassic World Dominion Strike ‘N' Roar Giganotosaurus
						
					
							
		£34.99 
			£39.99","https://www.smythstoys.com/uk/en-gb/toys/toys-catalogue/jurassic-world-dominion-strike-%e2%80%98n-roar-giganotosaurus/p/210187","Jurassic World Dominion Strike ‘N' Roar Giganotosaurus","£34.99","4.6
											
												(34)","Ref:210187"
"1680187751-98","https://www.smythstoys.com/uk/en-gb/brand/jurassic-world/c/SM060614","Ref:203996
				
					
							LEGO Jurassic World 76947 Quetzalcoatlus Plane Ambush Toy
						
					
							
		£34.99 
			
					RRP
					£44.99","https://www.smythstoys.com/uk/en-gb/toys/lego-and-bricks/lego-jurassic-world/lego-jurassic-world-76947-quetzalcoatlus-plane-ambush-toy/p/203996","LEGO Jurassic World 76947 Quetzalcoatlus Plane Ambush Toy","£34.99","4.8
											
												(21)","Ref:203996"
"1680187753-99","https://www.smythstoys.com/uk/en-gb/brand/jurassic-world/c/SM060614","Ref:204059
				
					
							LEGO Jurassic World  76950 Triceratops Dinosaur Pickup Truck Toy
						
					
							
		£44.99","https://www.smythstoys.com/uk/en-gb/toys/lego-and-bricks/lego-jurassic-world/lego-jurassic-world-76950-triceratops-dinosaur-pickup-truck-toy/p/204059","LEGO Jurassic World  76950 Triceratops Dinosaur Pickup Truck Toy","£44.99","4.9
											
												(27)","Ref:204059"
"1680187755-100","https://www.smythstoys.com/uk/en-gb/brand/jurassic-world/c/SM060614","Ref:209069
				
					
							Jurassic World Kids Smart Watch
						
					
							
		£19.99","https://www.smythstoys.com/uk/en-gb/video-games-and-tablets/smart-watches-and-fitness-trackers/character-smart-watches/jurassic-world-kids-smart-watch/p/209069","Jurassic World Kids Smart Watch","£19.99","4.2
											
												(20)","Ref:209069"
"1680187757-101","https://www.smythstoys.com/uk/en-gb/brand/jurassic-world/c/SM060614","Ref:203993
				
					
							LEGO Jurassic World 76944 T. Rex Dinosaur Breakout Toy Set
						
					
							
		£39.99","https://www.smythstoys.com/uk/en-gb/toys/lego-and-bricks/lego-jurassic-world/lego-jurassic-world-76944-t-rex-dinosaur-breakout-toy-set/p/203993","LEGO Jurassic World 76944 T. Rex Dinosaur Breakout Toy Set","£39.99","4.7
											
												(9)","Ref:203993"
"1680187760-102","https://www.smythstoys.com/uk/en-gb/brand/jurassic-world/c/SM060614","Ref:203995
				
					
							LEGO Jurassic World 76946 Blue & Beta Velociraptor Capture Toy
						
					
							
		£22.99 
			
					RRP
					£29.99","https://www.smythstoys.com/uk/en-gb/toys/lego-and-bricks/lego-jurassic-world/lego-jurassic-world-76946-blue-and-beta-velociraptor-capture-toy/p/203995","LEGO Jurassic World 76946 Blue & Beta Velociraptor Capture Toy","£22.99","4.8
											
												(33)","Ref:203995"
"1680187762-103","https://www.smythstoys.com/uk/en-gb/brand/jurassic-world/c/SM060614","Ref:216940
				
					
							Jurassic World Wild Roar Kronosaurus Dinosaur Figure
						
					
							
		£16.99 
			£21.99","https://www.smythstoys.com/uk/en-gb/toys/new-toys/jurassic-world-wild-roar-kronosaurus-dinosaur-figure/p/216940","Jurassic World Wild Roar Kronosaurus Dinosaur Figure","£16.99","","Ref:216940"
"1680187764-104","https://www.smythstoys.com/uk/en-gb/brand/jurassic-world/c/SM060614","Ref:165791
				
					
							Jurassic World Chomp 'n Roar Mask Velociraptor 'Blue'
						
					
							
		£34.99","https://www.smythstoys.com/uk/en-gb/brand/jurassic-world/jurassic-world-chomp-n-roar-mask-velociraptor-blue-/p/165791","Jurassic World Chomp 'n Roar Mask Velociraptor 'Blue'","£34.99","4.5
											
												(77)","Ref:165791"
"1680187766-105","https://www.smythstoys.com/uk/en-gb/brand/jurassic-world/c/SM060614","Ref:216943
				
					
							Jurassic World Track 'N Attack Indoraptor Dinosaur Figure
						
					
							
		£32.99","https://www.smythstoys.com/uk/en-gb/toys/new-toys/jurassic-world-track-n-attack-indoraptor-dinosaur-figure/p/216943","Jurassic World Track 'N Attack Indoraptor Dinosaur Figure","£32.99","5.0
											
												(1)","Ref:216943"
"1680187768-106","https://www.smythstoys.com/uk/en-gb/brand/jurassic-world/c/SM060614","Ref:205001
				
					
							Jurassic World Dominion: Thrash ‘N' Devour Tyrannosaurus Rex Dinosaur Figure
						
					
							
		£29.99 
			£39.99","https://www.smythstoys.com/uk/en-gb/gift-finder-6-8-years/jurassic-world-dominion-thrash-%e2%80%98n-devour-tyrannosaurus-rex-dinosaur-figure/p/205001","Jurassic World Dominion: Thrash ‘N' Devour Tyrannosaurus Rex Dinosaur Figure","£29.99","4.9
											
												(46)","Ref:205001"
"1680187771-107","https://www.smythstoys.com/uk/en-gb/brand/jurassic-world/c/SM060614","Ref:193265
				
					
							Jurassic World Legacy Collection Tyrannosaurus Rex Escape Pack
						
					
							
		£29.99","https://www.smythstoys.com/uk/en-gb/brand/jurassic-world/jurassic-world-legacy-collection-tyrannosaurus-rex-escape-pack/p/193265","Jurassic World Legacy Collection Tyrannosaurus Rex Escape Pack","£29.99","4.9
											
												(79)","Ref:193265"
"1680187773-108","https://www.smythstoys.com/uk/en-gb/brand/jurassic-world/c/SM060614","Ref:204471
				
					
							Imaginext Jurassic World Dominion: Break Out Dino Hauler Truck
						
					
							
		£19.99 
			£24.99","https://www.smythstoys.com/uk/en-gb/toys/construction-and-cars/imaginext/imaginext-toys/imaginext-jurassic-world-dominion-break-out-dino-hauler-truck/p/204471","Imaginext Jurassic World Dominion: Break Out Dino Hauler Truck","£19.99","4.7
											
												(9)","Ref:204471"
"1680187776-109","https://www.smythstoys.com/uk/en-gb/brand/jurassic-world/c/SM060614","Ref:204354
				
					
							Jurassic World Captivz Dominion Mega Egg
						
					
							
		£14.99 
			£24.99
				 £21.99","https://www.smythstoys.com/uk/en-gb/brand/jurassic-world/jurassic-world-captivz-dominion-mega-egg/p/204354","Jurassic World Captivz Dominion Mega Egg","£14.99","","Ref:204354"
"1680187778-110","https://www.smythstoys.com/uk/en-gb/brand/jurassic-world/c/SM060614","Ref:203681
				
					
							Jurassic World Dominion: Ocean Protector Mosasaurus Dinosaur Figure
						
					
							
		£29.99","https://www.smythstoys.com/uk/en-gb/toys/toys-catalogue/jurassic-world-dominion-ocean-protector-mosasaurus-dinosaur-figure/p/203681","Jurassic World Dominion: Ocean Protector Mosasaurus Dinosaur Figure","£29.99","4.1
											
												(33)","Ref:203681"
"1680187780-111","https://www.smythstoys.com/uk/en-gb/brand/jurassic-world/c/SM060614","Ref:203684
				
					
							Jurassic World Dominion: Super Colossal Giganotosaurus 35.5cm Dinosaur Figure
						
					
							
		£41.99 
			£49.99","https://www.smythstoys.com/uk/en-gb/gift-finder-6-8-years/jurassic-world-dominion-super-colossal-giganotosaurus-35-5cm-dinosaur-figure/p/203684","Jurassic World Dominion: Super Colossal Giganotosaurus 35.5cm Dinosaur Figure","£41.99","4.6
											
												(44)","Ref:203684"
"1680187782-112","https://www.smythstoys.com/uk/en-gb/brand/jurassic-world/c/SM060614","Ref:203999
				
					
							LEGO Jurassic World 76951 Pyroraptor & Dilophosaurus Transport
						
					
							
		£33.99 
			
					RRP
					£44.99","https://www.smythstoys.com/uk/en-gb/toys/lego-and-bricks/lego-jurassic-world/lego-jurassic-world-76951-pyroraptor-and-dilophosaurus-transport/p/203999","LEGO Jurassic World 76951 Pyroraptor & Dilophosaurus Transport","£33.99","4.9
											
												(25)","Ref:203999"
"1680187785-113","https://www.smythstoys.com/uk/en-gb/brand/jurassic-world/c/SM060614","Ref:207056
				
					
							Jurassic World Dominion: Real FX Baby Blue Dinosaur
						
					
							
		£79.99","https://www.smythstoys.com/uk/en-gb/toys/toys-catalogue/jurassic-world-dominion-real-fx-baby-blue-dinosaur/p/207056","Jurassic World Dominion: Real FX Baby Blue Dinosaur","£79.99","4.4
											
												(51)","Ref:207056"
"1680187787-114","https://www.smythstoys.com/uk/en-gb/brand/jurassic-world/c/SM060614","Ref:218696
				
					
							Jurassic Park '93 Electronic Real Feel Tyrannosaurus Rex Dinosaur with Sounds
						
					
							
		£39.99","https://www.smythstoys.com/uk/en-gb/brand/jurassic-world/jurassic-park-93-electronic-real-feel-tyrannosaurus-rex-dinosaur-with-sounds/p/218696","Jurassic Park '93 Electronic Real Feel Tyrannosaurus Rex Dinosaur with Sounds","£39.99","5.0
											
												(5)","Ref:218696"
"1680187789-115","https://www.smythstoys.com/uk/en-gb/brand/jurassic-world/c/SM060614","Ref:193831
				
					
							Jurassic World Extreme Chompin' Spinosaurus Dinosaur
						
					
							
		£29.99","https://www.smythstoys.com/uk/en-gb/toys/toys-catalogue/jurassic-world-extreme-chompin-spinosaurus-dinosaur/p/193831","Jurassic World Extreme Chompin' Spinosaurus Dinosaur","£29.99","4.7
											
												(154)","Ref:193831"
"1680187791-116","https://www.smythstoys.com/uk/en-gb/brand/jurassic-world/c/SM060614","Ref:203998
				
					
							LEGO Jurassic World 76949 Giganotosaurus Attack Dinosaur Toy
						
					
							
		£99.99 
			
					RRP
					£119.99","https://www.smythstoys.com/uk/en-gb/toys/lego-and-bricks/lego-jurassic-world/lego-jurassic-world-76949-giganotosaurus-attack-dinosaur-toy/p/203998","LEGO Jurassic World 76949 Giganotosaurus Attack Dinosaur Toy","£99.99","4.9
											
												(26)","Ref:203998"
"1680187793-117","https://www.smythstoys.com/uk/en-gb/brand/jurassic-world/c/SM060614","Ref:189404
				
					
							Jurassic World Dinosaur Track Set and 3 Dinosaur Figures
						
					
							
		£19.99","https://www.smythstoys.com/uk/en-gb/toys/construction-and-cars/car-toys/glow-tracks/jurassic-world-dinosaur-track-set-and-3-dinosaur-figures/p/189404","Jurassic World Dinosaur Track Set and 3 Dinosaur Figures","£19.99","4.6
											
												(332)","Ref:189404"
"1680187796-118","https://www.smythstoys.com/uk/en-gb/brand/jurassic-world/c/SM060614","Ref:9025956
				
					
							Jurassic World Colossal Carnotaurus Toro Dinosaur
						
					
							
		£34.99 
			£59.99","https://www.smythstoys.com/uk/en-gb/brand/jurassic-world/jurassic-world-colossal-carnotaurus-toro-dinosaur/p/9025956","Jurassic World Colossal Carnotaurus Toro Dinosaur","£34.99","4.5
											
												(2)","Ref:9025956"
"1680187798-119","https://www.smythstoys.com/uk/en-gb/brand/jurassic-world/c/SM060614","Ref:176011
				
					
							Jurassic World Destroy 'n' Devour Indominus Rex
						
					
							
		£39.99","https://www.smythstoys.com/uk/en-gb/gift-finder-6-8-years/jurassic-world-destroy-n-devour-indominus-rex/p/176011","Jurassic World Destroy 'n' Devour Indominus Rex","£39.99","4.7
											
												(425)","Ref:176011"
"1680187800-120","https://www.smythstoys.com/uk/en-gb/brand/jurassic-world/c/SM060614","Ref:204472
				
					
							Imaginext Jurassic World Dominion: Mega Stomp & Rumble Giga Dinosaur
						
					
							
		£49.99 
			£74.99","https://www.smythstoys.com/uk/en-gb/toys/construction-and-cars/imaginext/imaginext-toys/imaginext-jurassic-world-dominion-mega-stomp-and-rumble-giga-dinosaur/p/204472","Imaginext Jurassic World Dominion: Mega Stomp & Rumble Giga Dinosaur","£49.99","4.8
											
												(18)","Ref:204472"
