,name,price,brand,instock,identifcation_number,rating,rating_count
0,LEGO DUPLO Jurassic World Dinosaur Nursery Toy 10938202/0521,£18.00,Theme: LEGO DUPLO.,,EAN: 5702016911411.,,
1,LEGO DUPLO Jurassic World Dinosaur Nursery Toy 10938202/0521,£18.00,Theme: LEGO DUPLO.,,EAN: 5702016911411.,,
2,LEGO Jurassic World Quetzalcoatlus Plane Ambush Toy 76947959/9598,£45.00,Theme: LEGO Jurassic World.,,EAN: 5702016913538.,,
3,LEGO Jurassic World Quetzalcoatlus Plane Ambush Toy 76947959/9598,£45.00,Theme: LEGO Jurassic World.,,EAN: 5702016913538.,,
4,LEGO Jurassic World T. rex Dinosaur Breakout Toy Set 76944961/8651,£45.00,Theme: LEGO Jurassic World.,,EAN: 5702016913439.,,
5,LEGO Jurassic World T. rex Dinosaur Breakout Toy Set 76944961/8651,£45.00,Theme: LEGO Jurassic World.,,EAN: 5702016913439.,,
6,LEGO Jurassic World T. rex & Atrociraptor Dinosaur Toy 76948965/9926,£90.00,Theme: LEGO Jurassic World.,,EAN: 5702016913545.,,
7,LEGO Jurassic World T. rex & Atrociraptor Dinosaur Toy 76948965/9926,£90.00,Theme: LEGO Jurassic World.,,EAN: 5702016913545.,,
8,LEGO Jurassic World Giganotosaurus Attack Dinosaur Toy 76949961/1861,£100.00,Theme: LEGO Jurassic World.,,EAN: 5702016913552.,,
9,LEGO Jurassic World Giganotosaurus Attack Dinosaur Toy 76949961/1861,£100.00,Theme: LEGO Jurassic World.,,EAN: 5702016913552.,,
